--
-- PostgreSQL database dump
--

\restrict C6uwhfEPWBg7AUMJCnMGow3WrZ9af5SM7R6qTbCxVaotPqm8wALdA4y4N1zbNn7

-- Dumped from database version 15.14
-- Dumped by pg_dump version 15.14

SET statement_timeout = 0;
SET lock_timeout = 0;
SET idle_in_transaction_session_timeout = 0;
SET client_encoding = 'UTF8';
SET standard_conforming_strings = on;
SELECT pg_catalog.set_config('search_path', '', false);
SET check_function_bodies = false;
SET xmloption = content;
SET client_min_messages = warning;
SET row_security = off;

SET default_tablespace = '';

SET default_table_access_method = heap;

--
-- Name: account_emailaddress; Type: TABLE; Schema: public; Owner: postgres
--

CREATE TABLE public.account_emailaddress (
    id integer NOT NULL,
    email character varying(254) NOT NULL,
    verified boolean NOT NULL,
    "primary" boolean NOT NULL,
    user_id uuid NOT NULL
);


ALTER TABLE public.account_emailaddress OWNER TO postgres;

--
-- Name: account_emailaddress_id_seq; Type: SEQUENCE; Schema: public; Owner: postgres
--

ALTER TABLE public.account_emailaddress ALTER COLUMN id ADD GENERATED BY DEFAULT AS IDENTITY (
    SEQUENCE NAME public.account_emailaddress_id_seq
    START WITH 1
    INCREMENT BY 1
    NO MINVALUE
    NO MAXVALUE
    CACHE 1
);


--
-- Name: account_emailconfirmation; Type: TABLE; Schema: public; Owner: postgres
--

CREATE TABLE public.account_emailconfirmation (
    id integer NOT NULL,
    created timestamp with time zone NOT NULL,
    sent timestamp with time zone,
    key character varying(64) NOT NULL,
    email_address_id integer NOT NULL
);


ALTER TABLE public.account_emailconfirmation OWNER TO postgres;

--
-- Name: account_emailconfirmation_id_seq; Type: SEQUENCE; Schema: public; Owner: postgres
--

ALTER TABLE public.account_emailconfirmation ALTER COLUMN id ADD GENERATED BY DEFAULT AS IDENTITY (
    SEQUENCE NAME public.account_emailconfirmation_id_seq
    START WITH 1
    INCREMENT BY 1
    NO MINVALUE
    NO MAXVALUE
    CACHE 1
);


--
-- Name: auth_group; Type: TABLE; Schema: public; Owner: postgres
--

CREATE TABLE public.auth_group (
    id integer NOT NULL,
    name character varying(150) NOT NULL
);


ALTER TABLE public.auth_group OWNER TO postgres;

--
-- Name: auth_group_id_seq; Type: SEQUENCE; Schema: public; Owner: postgres
--

ALTER TABLE public.auth_group ALTER COLUMN id ADD GENERATED BY DEFAULT AS IDENTITY (
    SEQUENCE NAME public.auth_group_id_seq
    START WITH 1
    INCREMENT BY 1
    NO MINVALUE
    NO MAXVALUE
    CACHE 1
);


--
-- Name: auth_group_permissions; Type: TABLE; Schema: public; Owner: postgres
--

CREATE TABLE public.auth_group_permissions (
    id bigint NOT NULL,
    group_id integer NOT NULL,
    permission_id integer NOT NULL
);


ALTER TABLE public.auth_group_permissions OWNER TO postgres;

--
-- Name: auth_group_permissions_id_seq; Type: SEQUENCE; Schema: public; Owner: postgres
--

ALTER TABLE public.auth_group_permissions ALTER COLUMN id ADD GENERATED BY DEFAULT AS IDENTITY (
    SEQUENCE NAME public.auth_group_permissions_id_seq
    START WITH 1
    INCREMENT BY 1
    NO MINVALUE
    NO MAXVALUE
    CACHE 1
);


--
-- Name: auth_permission; Type: TABLE; Schema: public; Owner: postgres
--

CREATE TABLE public.auth_permission (
    id integer NOT NULL,
    name character varying(255) NOT NULL,
    content_type_id integer NOT NULL,
    codename character varying(100) NOT NULL
);


ALTER TABLE public.auth_permission OWNER TO postgres;

--
-- Name: auth_permission_id_seq; Type: SEQUENCE; Schema: public; Owner: postgres
--

ALTER TABLE public.auth_permission ALTER COLUMN id ADD GENERATED BY DEFAULT AS IDENTITY (
    SEQUENCE NAME public.auth_permission_id_seq
    START WITH 1
    INCREMENT BY 1
    NO MINVALUE
    NO MAXVALUE
    CACHE 1
);


--
-- Name: authtoken_token; Type: TABLE; Schema: public; Owner: postgres
--

CREATE TABLE public.authtoken_token (
    key character varying(40) NOT NULL,
    created timestamp with time zone NOT NULL,
    user_id uuid NOT NULL
);


ALTER TABLE public.authtoken_token OWNER TO postgres;

--
-- Name: django_admin_log; Type: TABLE; Schema: public; Owner: postgres
--

CREATE TABLE public.django_admin_log (
    id integer NOT NULL,
    action_time timestamp with time zone NOT NULL,
    object_id text,
    object_repr character varying(200) NOT NULL,
    action_flag smallint NOT NULL,
    change_message text NOT NULL,
    content_type_id integer,
    user_id uuid NOT NULL,
    CONSTRAINT django_admin_log_action_flag_check CHECK ((action_flag >= 0))
);


ALTER TABLE public.django_admin_log OWNER TO postgres;

--
-- Name: django_admin_log_id_seq; Type: SEQUENCE; Schema: public; Owner: postgres
--

ALTER TABLE public.django_admin_log ALTER COLUMN id ADD GENERATED BY DEFAULT AS IDENTITY (
    SEQUENCE NAME public.django_admin_log_id_seq
    START WITH 1
    INCREMENT BY 1
    NO MINVALUE
    NO MAXVALUE
    CACHE 1
);


--
-- Name: django_content_type; Type: TABLE; Schema: public; Owner: postgres
--

CREATE TABLE public.django_content_type (
    id integer NOT NULL,
    app_label character varying(100) NOT NULL,
    model character varying(100) NOT NULL
);


ALTER TABLE public.django_content_type OWNER TO postgres;

--
-- Name: django_content_type_id_seq; Type: SEQUENCE; Schema: public; Owner: postgres
--

ALTER TABLE public.django_content_type ALTER COLUMN id ADD GENERATED BY DEFAULT AS IDENTITY (
    SEQUENCE NAME public.django_content_type_id_seq
    START WITH 1
    INCREMENT BY 1
    NO MINVALUE
    NO MAXVALUE
    CACHE 1
);


--
-- Name: django_migrations; Type: TABLE; Schema: public; Owner: postgres
--

CREATE TABLE public.django_migrations (
    id bigint NOT NULL,
    app character varying(255) NOT NULL,
    name character varying(255) NOT NULL,
    applied timestamp with time zone NOT NULL
);


ALTER TABLE public.django_migrations OWNER TO postgres;

--
-- Name: django_migrations_id_seq; Type: SEQUENCE; Schema: public; Owner: postgres
--

ALTER TABLE public.django_migrations ALTER COLUMN id ADD GENERATED BY DEFAULT AS IDENTITY (
    SEQUENCE NAME public.django_migrations_id_seq
    START WITH 1
    INCREMENT BY 1
    NO MINVALUE
    NO MAXVALUE
    CACHE 1
);


--
-- Name: django_session; Type: TABLE; Schema: public; Owner: postgres
--

CREATE TABLE public.django_session (
    session_key character varying(40) NOT NULL,
    session_data text NOT NULL,
    expire_date timestamp with time zone NOT NULL
);


ALTER TABLE public.django_session OWNER TO postgres;

--
-- Name: django_site; Type: TABLE; Schema: public; Owner: postgres
--

CREATE TABLE public.django_site (
    id integer NOT NULL,
    domain character varying(100) NOT NULL,
    name character varying(50) NOT NULL
);


ALTER TABLE public.django_site OWNER TO postgres;

--
-- Name: django_site_id_seq; Type: SEQUENCE; Schema: public; Owner: postgres
--

ALTER TABLE public.django_site ALTER COLUMN id ADD GENERATED BY DEFAULT AS IDENTITY (
    SEQUENCE NAME public.django_site_id_seq
    START WITH 1
    INCREMENT BY 1
    NO MINVALUE
    NO MAXVALUE
    CACHE 1
);


--
-- Name: quiz_example_sentence; Type: TABLE; Schema: public; Owner: postgres
--

CREATE TABLE public.quiz_example_sentence (
    id bigint NOT NULL,
    english text NOT NULL,
    japanese text NOT NULL,
    created_at timestamp with time zone NOT NULL,
    updated_at timestamp with time zone NOT NULL,
    word_id bigint NOT NULL
);


ALTER TABLE public.quiz_example_sentence OWNER TO postgres;

--
-- Name: quiz_example_sentence_id_seq; Type: SEQUENCE; Schema: public; Owner: postgres
--

ALTER TABLE public.quiz_example_sentence ALTER COLUMN id ADD GENERATED BY DEFAULT AS IDENTITY (
    SEQUENCE NAME public.quiz_example_sentence_id_seq
    START WITH 1
    INCREMENT BY 1
    NO MINVALUE
    NO MAXVALUE
    CACHE 1
);


--
-- Name: quiz_quiz_item; Type: TABLE; Schema: public; Owner: postgres
--

CREATE TABLE public.quiz_quiz_item (
    id bigint NOT NULL,
    question_number integer NOT NULL,
    choices jsonb NOT NULL,
    correct_answer character varying(200) NOT NULL,
    created_at timestamp with time zone NOT NULL,
    updated_at timestamp with time zone NOT NULL,
    quiz_set_id bigint NOT NULL,
    word_id bigint NOT NULL
);


ALTER TABLE public.quiz_quiz_item OWNER TO postgres;

--
-- Name: quiz_quiz_item_id_seq; Type: SEQUENCE; Schema: public; Owner: postgres
--

ALTER TABLE public.quiz_quiz_item ALTER COLUMN id ADD GENERATED BY DEFAULT AS IDENTITY (
    SEQUENCE NAME public.quiz_quiz_item_id_seq
    START WITH 1
    INCREMENT BY 1
    NO MINVALUE
    NO MAXVALUE
    CACHE 1
);


--
-- Name: quiz_quiz_response; Type: TABLE; Schema: public; Owner: postgres
--

CREATE TABLE public.quiz_quiz_response (
    id bigint NOT NULL,
    selected_answer character varying(200) NOT NULL,
    is_correct boolean NOT NULL,
    response_time_ms integer NOT NULL,
    created_at timestamp with time zone NOT NULL,
    updated_at timestamp with time zone NOT NULL,
    quiz_item_id bigint NOT NULL,
    user_id uuid NOT NULL
);


ALTER TABLE public.quiz_quiz_response OWNER TO postgres;

--
-- Name: quiz_quiz_response_id_seq; Type: SEQUENCE; Schema: public; Owner: postgres
--

ALTER TABLE public.quiz_quiz_response ALTER COLUMN id ADD GENERATED BY DEFAULT AS IDENTITY (
    SEQUENCE NAME public.quiz_quiz_response_id_seq
    START WITH 1
    INCREMENT BY 1
    NO MINVALUE
    NO MAXVALUE
    CACHE 1
);


--
-- Name: quiz_quiz_set; Type: TABLE; Schema: public; Owner: postgres
--

CREATE TABLE public.quiz_quiz_set (
    id bigint NOT NULL,
    uuid uuid NOT NULL,
    name character varying(200) NOT NULL,
    grade integer NOT NULL,
    pos_filter jsonb NOT NULL,
    total_questions integer NOT NULL,
    created_at timestamp with time zone NOT NULL,
    updated_at timestamp with time zone NOT NULL,
    user_id uuid NOT NULL,
    textbook_scope_id bigint
);


ALTER TABLE public.quiz_quiz_set OWNER TO postgres;

--
-- Name: quiz_quiz_set_id_seq; Type: SEQUENCE; Schema: public; Owner: postgres
--

ALTER TABLE public.quiz_quiz_set ALTER COLUMN id ADD GENERATED BY DEFAULT AS IDENTITY (
    SEQUENCE NAME public.quiz_quiz_set_id_seq
    START WITH 1
    INCREMENT BY 1
    NO MINVALUE
    NO MAXVALUE
    CACHE 1
);


--
-- Name: quiz_textbook_scope; Type: TABLE; Schema: public; Owner: postgres
--

CREATE TABLE public.quiz_textbook_scope (
    id bigint NOT NULL,
    name character varying(100) NOT NULL,
    publisher character varying(100) NOT NULL,
    grade integer NOT NULL,
    description text NOT NULL,
    created_at timestamp with time zone NOT NULL,
    updated_at timestamp with time zone NOT NULL
);


ALTER TABLE public.quiz_textbook_scope OWNER TO postgres;

--
-- Name: quiz_textbook_scope_id_seq; Type: SEQUENCE; Schema: public; Owner: postgres
--

ALTER TABLE public.quiz_textbook_scope ALTER COLUMN id ADD GENERATED BY DEFAULT AS IDENTITY (
    SEQUENCE NAME public.quiz_textbook_scope_id_seq
    START WITH 1
    INCREMENT BY 1
    NO MINVALUE
    NO MAXVALUE
    CACHE 1
);


--
-- Name: quiz_user; Type: TABLE; Schema: public; Owner: postgres
--

CREATE TABLE public.quiz_user (
    password character varying(128) NOT NULL,
    last_login timestamp with time zone,
    is_superuser boolean NOT NULL,
    username character varying(150) NOT NULL,
    first_name character varying(150) NOT NULL,
    last_name character varying(150) NOT NULL,
    email character varying(254) NOT NULL,
    is_staff boolean NOT NULL,
    is_active boolean NOT NULL,
    date_joined timestamp with time zone NOT NULL,
    id uuid NOT NULL,
    display_name character varying(100) NOT NULL,
    avatar character varying(100),
    avatar_url character varying(200),
    organization character varying(200) NOT NULL,
    bio text NOT NULL,
    role character varying(20) NOT NULL,
    created_at timestamp with time zone NOT NULL,
    level_preference integer NOT NULL,
    quiz_count integer NOT NULL,
    total_score integer NOT NULL
);


ALTER TABLE public.quiz_user OWNER TO postgres;

--
-- Name: quiz_user_groups; Type: TABLE; Schema: public; Owner: postgres
--

CREATE TABLE public.quiz_user_groups (
    id bigint NOT NULL,
    user_id uuid NOT NULL,
    group_id integer NOT NULL
);


ALTER TABLE public.quiz_user_groups OWNER TO postgres;

--
-- Name: quiz_user_groups_id_seq; Type: SEQUENCE; Schema: public; Owner: postgres
--

ALTER TABLE public.quiz_user_groups ALTER COLUMN id ADD GENERATED BY DEFAULT AS IDENTITY (
    SEQUENCE NAME public.quiz_user_groups_id_seq
    START WITH 1
    INCREMENT BY 1
    NO MINVALUE
    NO MAXVALUE
    CACHE 1
);


--
-- Name: quiz_user_user_permissions; Type: TABLE; Schema: public; Owner: postgres
--

CREATE TABLE public.quiz_user_user_permissions (
    id bigint NOT NULL,
    user_id uuid NOT NULL,
    permission_id integer NOT NULL
);


ALTER TABLE public.quiz_user_user_permissions OWNER TO postgres;

--
-- Name: quiz_user_user_permissions_id_seq; Type: SEQUENCE; Schema: public; Owner: postgres
--

ALTER TABLE public.quiz_user_user_permissions ALTER COLUMN id ADD GENERATED BY DEFAULT AS IDENTITY (
    SEQUENCE NAME public.quiz_user_user_permissions_id_seq
    START WITH 1
    INCREMENT BY 1
    NO MINVALUE
    NO MAXVALUE
    CACHE 1
);


--
-- Name: quiz_whitelist_user; Type: TABLE; Schema: public; Owner: postgres
--

CREATE TABLE public.quiz_whitelist_user (
    id bigint NOT NULL,
    email character varying(254) NOT NULL,
    full_name character varying(100) NOT NULL,
    school character varying(100) NOT NULL,
    grade integer,
    is_active boolean NOT NULL,
    created_at timestamp with time zone NOT NULL,
    updated_at timestamp with time zone NOT NULL
);


ALTER TABLE public.quiz_whitelist_user OWNER TO postgres;

--
-- Name: quiz_whitelist_user_id_seq; Type: SEQUENCE; Schema: public; Owner: postgres
--

ALTER TABLE public.quiz_whitelist_user ALTER COLUMN id ADD GENERATED BY DEFAULT AS IDENTITY (
    SEQUENCE NAME public.quiz_whitelist_user_id_seq
    START WITH 1
    INCREMENT BY 1
    NO MINVALUE
    NO MAXVALUE
    CACHE 1
);


--
-- Name: quiz_word; Type: TABLE; Schema: public; Owner: postgres
--

CREATE TABLE public.quiz_word (
    id bigint NOT NULL,
    lemma character varying(100) NOT NULL,
    pos character varying(20) NOT NULL,
    grade integer NOT NULL,
    frequency integer NOT NULL,
    created_at timestamp with time zone NOT NULL,
    updated_at timestamp with time zone NOT NULL
);


ALTER TABLE public.quiz_word OWNER TO postgres;

--
-- Name: quiz_word_distractor; Type: TABLE; Schema: public; Owner: postgres
--

CREATE TABLE public.quiz_word_distractor (
    id bigint NOT NULL,
    text character varying(200) NOT NULL,
    created_at timestamp with time zone NOT NULL,
    updated_at timestamp with time zone NOT NULL,
    word_id bigint NOT NULL
);


ALTER TABLE public.quiz_word_distractor OWNER TO postgres;

--
-- Name: quiz_word_distractor_id_seq; Type: SEQUENCE; Schema: public; Owner: postgres
--

ALTER TABLE public.quiz_word_distractor ALTER COLUMN id ADD GENERATED BY DEFAULT AS IDENTITY (
    SEQUENCE NAME public.quiz_word_distractor_id_seq
    START WITH 1
    INCREMENT BY 1
    NO MINVALUE
    NO MAXVALUE
    CACHE 1
);


--
-- Name: quiz_word_form; Type: TABLE; Schema: public; Owner: postgres
--

CREATE TABLE public.quiz_word_form (
    id bigint NOT NULL,
    form character varying(100) NOT NULL,
    form_type character varying(50) NOT NULL,
    created_at timestamp with time zone NOT NULL,
    updated_at timestamp with time zone NOT NULL,
    word_id bigint NOT NULL
);


ALTER TABLE public.quiz_word_form OWNER TO postgres;

--
-- Name: quiz_word_form_id_seq; Type: SEQUENCE; Schema: public; Owner: postgres
--

ALTER TABLE public.quiz_word_form ALTER COLUMN id ADD GENERATED BY DEFAULT AS IDENTITY (
    SEQUENCE NAME public.quiz_word_form_id_seq
    START WITH 1
    INCREMENT BY 1
    NO MINVALUE
    NO MAXVALUE
    CACHE 1
);


--
-- Name: quiz_word_id_seq; Type: SEQUENCE; Schema: public; Owner: postgres
--

ALTER TABLE public.quiz_word ALTER COLUMN id ADD GENERATED BY DEFAULT AS IDENTITY (
    SEQUENCE NAME public.quiz_word_id_seq
    START WITH 1
    INCREMENT BY 1
    NO MINVALUE
    NO MAXVALUE
    CACHE 1
);


--
-- Name: quiz_word_translation; Type: TABLE; Schema: public; Owner: postgres
--

CREATE TABLE public.quiz_word_translation (
    id bigint NOT NULL,
    translation character varying(200) NOT NULL,
    is_primary boolean NOT NULL,
    context character varying(500) NOT NULL,
    created_at timestamp with time zone NOT NULL,
    updated_at timestamp with time zone NOT NULL,
    word_id bigint NOT NULL
);


ALTER TABLE public.quiz_word_translation OWNER TO postgres;

--
-- Name: quiz_word_translation_id_seq; Type: SEQUENCE; Schema: public; Owner: postgres
--

ALTER TABLE public.quiz_word_translation ALTER COLUMN id ADD GENERATED BY DEFAULT AS IDENTITY (
    SEQUENCE NAME public.quiz_word_translation_id_seq
    START WITH 1
    INCREMENT BY 1
    NO MINVALUE
    NO MAXVALUE
    CACHE 1
);


--
-- Name: socialaccount_socialaccount; Type: TABLE; Schema: public; Owner: postgres
--

CREATE TABLE public.socialaccount_socialaccount (
    id integer NOT NULL,
    provider character varying(200) NOT NULL,
    uid character varying(191) NOT NULL,
    last_login timestamp with time zone NOT NULL,
    date_joined timestamp with time zone NOT NULL,
    extra_data jsonb NOT NULL,
    user_id uuid NOT NULL
);


ALTER TABLE public.socialaccount_socialaccount OWNER TO postgres;

--
-- Name: socialaccount_socialaccount_id_seq; Type: SEQUENCE; Schema: public; Owner: postgres
--

ALTER TABLE public.socialaccount_socialaccount ALTER COLUMN id ADD GENERATED BY DEFAULT AS IDENTITY (
    SEQUENCE NAME public.socialaccount_socialaccount_id_seq
    START WITH 1
    INCREMENT BY 1
    NO MINVALUE
    NO MAXVALUE
    CACHE 1
);


--
-- Name: socialaccount_socialapp; Type: TABLE; Schema: public; Owner: postgres
--

CREATE TABLE public.socialaccount_socialapp (
    id integer NOT NULL,
    provider character varying(30) NOT NULL,
    name character varying(40) NOT NULL,
    client_id character varying(191) NOT NULL,
    secret character varying(191) NOT NULL,
    key character varying(191) NOT NULL,
    provider_id character varying(200) NOT NULL,
    settings jsonb NOT NULL
);


ALTER TABLE public.socialaccount_socialapp OWNER TO postgres;

--
-- Name: socialaccount_socialapp_id_seq; Type: SEQUENCE; Schema: public; Owner: postgres
--

ALTER TABLE public.socialaccount_socialapp ALTER COLUMN id ADD GENERATED BY DEFAULT AS IDENTITY (
    SEQUENCE NAME public.socialaccount_socialapp_id_seq
    START WITH 1
    INCREMENT BY 1
    NO MINVALUE
    NO MAXVALUE
    CACHE 1
);


--
-- Name: socialaccount_socialapp_sites; Type: TABLE; Schema: public; Owner: postgres
--

CREATE TABLE public.socialaccount_socialapp_sites (
    id bigint NOT NULL,
    socialapp_id integer NOT NULL,
    site_id integer NOT NULL
);


ALTER TABLE public.socialaccount_socialapp_sites OWNER TO postgres;

--
-- Name: socialaccount_socialapp_sites_id_seq; Type: SEQUENCE; Schema: public; Owner: postgres
--

ALTER TABLE public.socialaccount_socialapp_sites ALTER COLUMN id ADD GENERATED BY DEFAULT AS IDENTITY (
    SEQUENCE NAME public.socialaccount_socialapp_sites_id_seq
    START WITH 1
    INCREMENT BY 1
    NO MINVALUE
    NO MAXVALUE
    CACHE 1
);


--
-- Name: socialaccount_socialtoken; Type: TABLE; Schema: public; Owner: postgres
--

CREATE TABLE public.socialaccount_socialtoken (
    id integer NOT NULL,
    token text NOT NULL,
    token_secret text NOT NULL,
    expires_at timestamp with time zone,
    account_id integer NOT NULL,
    app_id integer
);


ALTER TABLE public.socialaccount_socialtoken OWNER TO postgres;

--
-- Name: socialaccount_socialtoken_id_seq; Type: SEQUENCE; Schema: public; Owner: postgres
--

ALTER TABLE public.socialaccount_socialtoken ALTER COLUMN id ADD GENERATED BY DEFAULT AS IDENTITY (
    SEQUENCE NAME public.socialaccount_socialtoken_id_seq
    START WITH 1
    INCREMENT BY 1
    NO MINVALUE
    NO MAXVALUE
    CACHE 1
);


--
-- Data for Name: account_emailaddress; Type: TABLE DATA; Schema: public; Owner: postgres
--

COPY public.account_emailaddress (id, email, verified, "primary", user_id) FROM stdin;
\.


--
-- Data for Name: account_emailconfirmation; Type: TABLE DATA; Schema: public; Owner: postgres
--

COPY public.account_emailconfirmation (id, created, sent, key, email_address_id) FROM stdin;
\.


--
-- Data for Name: auth_group; Type: TABLE DATA; Schema: public; Owner: postgres
--

COPY public.auth_group (id, name) FROM stdin;
\.


--
-- Data for Name: auth_group_permissions; Type: TABLE DATA; Schema: public; Owner: postgres
--

COPY public.auth_group_permissions (id, group_id, permission_id) FROM stdin;
\.


--
-- Data for Name: auth_permission; Type: TABLE DATA; Schema: public; Owner: postgres
--

COPY public.auth_permission (id, name, content_type_id, codename) FROM stdin;
1	Can add log entry	1	add_logentry
2	Can change log entry	1	change_logentry
3	Can delete log entry	1	delete_logentry
4	Can view log entry	1	view_logentry
5	Can add permission	2	add_permission
6	Can change permission	2	change_permission
7	Can delete permission	2	delete_permission
8	Can view permission	2	view_permission
9	Can add group	3	add_group
10	Can change group	3	change_group
11	Can delete group	3	delete_group
12	Can view group	3	view_group
13	Can add content type	4	add_contenttype
14	Can change content type	4	change_contenttype
15	Can delete content type	4	delete_contenttype
16	Can view content type	4	view_contenttype
17	Can add session	5	add_session
18	Can change session	5	change_session
19	Can delete session	5	delete_session
20	Can view session	5	view_session
21	Can add site	6	add_site
22	Can change site	6	change_site
23	Can delete site	6	delete_site
24	Can view site	6	view_site
25	Can add Token	7	add_token
26	Can change Token	7	change_token
27	Can delete Token	7	delete_token
28	Can view Token	7	view_token
29	Can add Token	8	add_tokenproxy
30	Can change Token	8	change_tokenproxy
31	Can delete Token	8	delete_tokenproxy
32	Can view Token	8	view_tokenproxy
33	Can add email address	9	add_emailaddress
34	Can change email address	9	change_emailaddress
35	Can delete email address	9	delete_emailaddress
36	Can view email address	9	view_emailaddress
37	Can add email confirmation	10	add_emailconfirmation
38	Can change email confirmation	10	change_emailconfirmation
39	Can delete email confirmation	10	delete_emailconfirmation
40	Can view email confirmation	10	view_emailconfirmation
41	Can add social account	11	add_socialaccount
42	Can change social account	11	change_socialaccount
43	Can delete social account	11	delete_socialaccount
44	Can view social account	11	view_socialaccount
45	Can add social application	12	add_socialapp
46	Can change social application	12	change_socialapp
47	Can delete social application	12	delete_socialapp
48	Can view social application	12	view_socialapp
49	Can add social application token	13	add_socialtoken
50	Can change social application token	13	change_socialtoken
51	Can delete social application token	13	delete_socialtoken
52	Can view social application token	13	view_socialtoken
53	Can add user	14	add_user
54	Can change user	14	change_user
55	Can delete user	14	delete_user
56	Can view user	14	view_user
57	Can add 単語	15	add_word
58	Can change 単語	15	change_word
59	Can delete 単語	15	delete_word
60	Can view 単語	15	view_word
61	Can add 教科書範囲	16	add_textbookscope
62	Can change 教科書範囲	16	change_textbookscope
63	Can delete 教科書範囲	16	delete_textbookscope
64	Can view 教科書範囲	16	view_textbookscope
65	Can add ホワイトリストユーザー	17	add_whitelistuser
66	Can change ホワイトリストユーザー	17	change_whitelistuser
67	Can delete ホワイトリストユーザー	17	delete_whitelistuser
68	Can view ホワイトリストユーザー	17	view_whitelistuser
69	Can add 偽訳	18	add_worddistractor
70	Can change 偽訳	18	change_worddistractor
71	Can delete 偽訳	18	delete_worddistractor
72	Can view 偽訳	18	view_worddistractor
73	Can add 語形	19	add_wordform
74	Can change 語形	19	change_wordform
75	Can delete 語形	19	delete_wordform
76	Can view 語形	19	view_wordform
77	Can add 訳	20	add_wordtranslation
78	Can change 訳	20	change_wordtranslation
79	Can delete 訳	20	delete_wordtranslation
80	Can view 訳	20	view_wordtranslation
81	Can add 例文	21	add_examplesentence
82	Can change 例文	21	change_examplesentence
83	Can delete 例文	21	delete_examplesentence
84	Can view 例文	21	view_examplesentence
85	Can add クイズセット	22	add_quizset
86	Can change クイズセット	22	change_quizset
87	Can delete クイズセット	22	delete_quizset
88	Can view クイズセット	22	view_quizset
89	Can add クイズ問題	23	add_quizitem
90	Can change クイズ問題	23	change_quizitem
91	Can delete クイズ問題	23	delete_quizitem
92	Can view クイズ問題	23	view_quizitem
93	Can add クイズ回答	24	add_quizresponse
94	Can change クイズ回答	24	change_quizresponse
95	Can delete クイズ回答	24	delete_quizresponse
96	Can view クイズ回答	24	view_quizresponse
97	Can add assigned test	25	add_assignedtest
98	Can change assigned test	25	change_assignedtest
99	Can delete assigned test	25	delete_assignedtest
100	Can view assigned test	25	view_assignedtest
101	Can add daily group stats	26	add_dailygroupstats
102	Can change daily group stats	26	change_dailygroupstats
103	Can delete daily group stats	26	delete_dailygroupstats
104	Can view daily group stats	26	view_dailygroupstats
105	Can add daily user stats	27	add_dailyuserstats
106	Can change daily user stats	27	change_dailyuserstats
107	Can delete daily user stats	27	delete_dailyuserstats
108	Can view daily user stats	27	view_dailyuserstats
109	Can add group	28	add_group
110	Can change group	28	change_group
111	Can delete group	28	delete_group
112	Can view group	28	view_group
113	Can add group membership	29	add_groupmembership
114	Can change group membership	29	change_groupmembership
115	Can delete group membership	29	delete_groupmembership
116	Can view group membership	29	view_groupmembership
117	Can add option	30	add_option
118	Can change option	30	change_option
119	Can delete option	30	delete_option
120	Can view option	30	view_option
121	Can add question	31	add_question
122	Can change question	31	change_question
123	Can delete question	31	delete_question
124	Can view question	31	view_question
125	Can add quiz session	32	add_quizsession
126	Can change quiz session	32	change_quizsession
127	Can delete quiz session	32	delete_quizsession
128	Can view quiz session	32	view_quizsession
129	Can add quiz result	33	add_quizresult
130	Can change quiz result	33	change_quizresult
131	Can delete quiz result	33	delete_quizresult
132	Can view quiz result	33	view_quizresult
133	Can add invite code	34	add_invitecode
134	Can change invite code	34	change_invitecode
135	Can delete invite code	34	delete_invitecode
136	Can view invite code	34	view_invitecode
137	Can add teacher student link	35	add_teacherstudentlink
138	Can change teacher student link	35	change_teacherstudentlink
139	Can delete teacher student link	35	delete_teacherstudentlink
140	Can view teacher student link	35	view_teacherstudentlink
141	Can add teacher whitelist	36	add_teacherwhitelist
142	Can change teacher whitelist	36	change_teacherwhitelist
143	Can delete teacher whitelist	36	delete_teacherwhitelist
144	Can view teacher whitelist	36	view_teacherwhitelist
\.


--
-- Data for Name: authtoken_token; Type: TABLE DATA; Schema: public; Owner: postgres
--

COPY public.authtoken_token (key, created, user_id) FROM stdin;
2d32414cf778d9afd2aafe9e131f7a747c965ce2	2025-09-14 07:47:08.88835+00	62c827ab-10a0-4498-8efd-f595e085119f
a7e3b2d6d5383e85adaa238d331b2dad5a4ccf4d	2025-09-14 07:47:37.252697+00	ca43b943-b952-4afd-b511-13e811d42c75
\.


--
-- Data for Name: django_admin_log; Type: TABLE DATA; Schema: public; Owner: postgres
--

COPY public.django_admin_log (id, action_time, object_id, object_repr, action_flag, change_message, content_type_id, user_id) FROM stdin;
\.


--
-- Data for Name: django_content_type; Type: TABLE DATA; Schema: public; Owner: postgres
--

COPY public.django_content_type (id, app_label, model) FROM stdin;
1	admin	logentry
2	auth	permission
3	auth	group
4	contenttypes	contenttype
5	sessions	session
6	sites	site
7	authtoken	token
8	authtoken	tokenproxy
9	account	emailaddress
10	account	emailconfirmation
11	socialaccount	socialaccount
12	socialaccount	socialapp
13	socialaccount	socialtoken
14	quiz	user
15	quiz	word
16	quiz	textbookscope
17	quiz	whitelistuser
18	quiz	worddistractor
19	quiz	wordform
20	quiz	wordtranslation
21	quiz	examplesentence
22	quiz	quizset
23	quiz	quizitem
24	quiz	quizresponse
25	quiz	assignedtest
26	quiz	dailygroupstats
27	quiz	dailyuserstats
28	quiz	group
29	quiz	groupmembership
30	quiz	option
31	quiz	question
32	quiz	quizsession
33	quiz	quizresult
34	quiz	invitecode
35	quiz	teacherstudentlink
36	quiz	teacherwhitelist
\.


--
-- Data for Name: django_migrations; Type: TABLE DATA; Schema: public; Owner: postgres
--

COPY public.django_migrations (id, app, name, applied) FROM stdin;
1	contenttypes	0001_initial	2025-09-14 07:15:57.641472+00
2	contenttypes	0002_remove_content_type_name	2025-09-14 07:15:57.645852+00
3	auth	0001_initial	2025-09-14 07:15:57.669836+00
4	auth	0002_alter_permission_name_max_length	2025-09-14 07:15:57.672582+00
5	auth	0003_alter_user_email_max_length	2025-09-14 07:15:57.674822+00
6	auth	0004_alter_user_username_opts	2025-09-14 07:15:57.676722+00
7	auth	0005_alter_user_last_login_null	2025-09-14 07:15:57.678463+00
8	auth	0006_require_contenttypes_0002	2025-09-14 07:15:57.679271+00
9	auth	0007_alter_validators_add_error_messages	2025-09-14 07:15:57.681105+00
10	auth	0008_alter_user_username_max_length	2025-09-14 07:15:57.683518+00
11	auth	0009_alter_user_last_name_max_length	2025-09-14 07:15:57.685099+00
12	auth	0010_alter_group_name_max_length	2025-09-14 07:15:57.688154+00
13	auth	0011_update_proxy_permissions	2025-09-14 07:15:57.689939+00
14	auth	0012_alter_user_first_name_max_length	2025-09-14 07:15:57.691513+00
15	quiz	0001_initial	2025-09-14 07:15:57.779074+00
16	account	0001_initial	2025-09-14 07:15:57.799025+00
17	account	0002_email_max_length	2025-09-14 07:15:57.803467+00
18	account	0003_alter_emailaddress_create_unique_verified_email	2025-09-14 07:15:57.811342+00
19	account	0004_alter_emailaddress_drop_unique_email	2025-09-14 07:15:57.820882+00
20	account	0005_emailaddress_idx_upper_email	2025-09-14 07:15:57.827701+00
21	account	0006_emailaddress_lower	2025-09-14 07:15:57.834746+00
22	account	0007_emailaddress_idx_email	2025-09-14 07:15:57.841483+00
23	account	0008_emailaddress_unique_primary_email_fixup	2025-09-14 07:15:57.848261+00
24	account	0009_emailaddress_unique_primary_email	2025-09-14 07:15:57.85226+00
25	admin	0001_initial	2025-09-14 07:15:57.875439+00
26	admin	0002_logentry_remove_auto_add	2025-09-14 07:15:57.878817+00
27	admin	0003_logentry_add_action_flag_choices	2025-09-14 07:15:57.882048+00
28	authtoken	0001_initial	2025-09-14 07:15:57.890159+00
29	authtoken	0002_auto_20160226_1747	2025-09-14 07:15:57.901917+00
30	authtoken	0003_tokenproxy	2025-09-14 07:15:57.903019+00
31	authtoken	0004_alter_tokenproxy_options	2025-09-14 07:15:57.904877+00
32	sessions	0001_initial	2025-09-14 07:15:57.91083+00
33	sites	0001_initial	2025-09-14 07:15:57.913329+00
34	sites	0002_alter_domain_unique	2025-09-14 07:15:57.916395+00
35	socialaccount	0001_initial	2025-09-14 07:15:57.952837+00
36	socialaccount	0002_token_max_lengths	2025-09-14 07:15:57.96365+00
37	socialaccount	0003_extra_data_default_dict	2025-09-14 07:15:57.967807+00
38	socialaccount	0004_app_provider_id_settings	2025-09-14 07:15:57.976157+00
39	socialaccount	0005_socialtoken_nullable_app	2025-09-14 07:15:57.985595+00
40	socialaccount	0006_alter_socialaccount_extra_data	2025-09-14 07:15:57.996397+00
41	quiz	0002_quizitem_quizresponse_quizset_word_and_more	2025-09-14 07:42:57.729159+00
42	quiz	0003_user_avatar	2025-09-14 07:42:57.733158+00
43	quiz	0004_invitecode_teacherstudentlink_and_more	2025-09-14 07:42:57.734319+00
44	quiz	0005_user_bio_user_organization	2025-09-14 07:42:57.735381+00
45	quiz	0006_teacherwhitelist	2025-09-14 07:42:57.736531+00
\.


--
-- Data for Name: django_session; Type: TABLE DATA; Schema: public; Owner: postgres
--

COPY public.django_session (session_key, session_data, expire_date) FROM stdin;
\.


--
-- Data for Name: django_site; Type: TABLE DATA; Schema: public; Owner: postgres
--

COPY public.django_site (id, domain, name) FROM stdin;
1	example.com	example.com
\.


--
-- Data for Name: quiz_example_sentence; Type: TABLE DATA; Schema: public; Owner: postgres
--

COPY public.quiz_example_sentence (id, english, japanese, created_at, updated_at, word_id) FROM stdin;
\.


--
-- Data for Name: quiz_quiz_item; Type: TABLE DATA; Schema: public; Owner: postgres
--

COPY public.quiz_quiz_item (id, question_number, choices, correct_answer, created_at, updated_at, quiz_set_id, word_id) FROM stdin;
\.


--
-- Data for Name: quiz_quiz_response; Type: TABLE DATA; Schema: public; Owner: postgres
--

COPY public.quiz_quiz_response (id, selected_answer, is_correct, response_time_ms, created_at, updated_at, quiz_item_id, user_id) FROM stdin;
\.


--
-- Data for Name: quiz_quiz_set; Type: TABLE DATA; Schema: public; Owner: postgres
--

COPY public.quiz_quiz_set (id, uuid, name, grade, pos_filter, total_questions, created_at, updated_at, user_id, textbook_scope_id) FROM stdin;
\.


--
-- Data for Name: quiz_textbook_scope; Type: TABLE DATA; Schema: public; Owner: postgres
--

COPY public.quiz_textbook_scope (id, name, publisher, grade, description, created_at, updated_at) FROM stdin;
\.


--
-- Data for Name: quiz_user; Type: TABLE DATA; Schema: public; Owner: postgres
--

COPY public.quiz_user (password, last_login, is_superuser, username, first_name, last_name, email, is_staff, is_active, date_joined, id, display_name, avatar, avatar_url, organization, bio, role, created_at, level_preference, quiz_count, total_score) FROM stdin;
	\N	f	kentaf0926@gmail.com			kentaf0926@gmail.com	f	t	2025-09-14 07:47:08.881247+00	62c827ab-10a0-4498-8efd-f595e085119f	福井健太		\N			student	2025-09-14 07:47:08.882059+00	1	0	0
	\N	f	fukuik19@gmail.com			fukuik19@gmail.com	f	t	2025-09-14 07:47:37.249619+00	ca43b943-b952-4afd-b511-13e811d42c75	福井健太		\N			student	2025-09-14 07:47:37.249892+00	1	0	0
\.


--
-- Data for Name: quiz_user_groups; Type: TABLE DATA; Schema: public; Owner: postgres
--

COPY public.quiz_user_groups (id, user_id, group_id) FROM stdin;
\.


--
-- Data for Name: quiz_user_user_permissions; Type: TABLE DATA; Schema: public; Owner: postgres
--

COPY public.quiz_user_user_permissions (id, user_id, permission_id) FROM stdin;
\.


--
-- Data for Name: quiz_whitelist_user; Type: TABLE DATA; Schema: public; Owner: postgres
--

COPY public.quiz_whitelist_user (id, email, full_name, school, grade, is_active, created_at, updated_at) FROM stdin;
\.


--
-- Data for Name: quiz_word; Type: TABLE DATA; Schema: public; Owner: postgres
--

COPY public.quiz_word (id, lemma, pos, grade, frequency, created_at, updated_at) FROM stdin;
\.


--
-- Data for Name: quiz_word_distractor; Type: TABLE DATA; Schema: public; Owner: postgres
--

COPY public.quiz_word_distractor (id, text, created_at, updated_at, word_id) FROM stdin;
\.


--
-- Data for Name: quiz_word_form; Type: TABLE DATA; Schema: public; Owner: postgres
--

COPY public.quiz_word_form (id, form, form_type, created_at, updated_at, word_id) FROM stdin;
\.


--
-- Data for Name: quiz_word_translation; Type: TABLE DATA; Schema: public; Owner: postgres
--

COPY public.quiz_word_translation (id, translation, is_primary, context, created_at, updated_at, word_id) FROM stdin;
\.


--
-- Data for Name: socialaccount_socialaccount; Type: TABLE DATA; Schema: public; Owner: postgres
--

COPY public.socialaccount_socialaccount (id, provider, uid, last_login, date_joined, extra_data, user_id) FROM stdin;
\.


--
-- Data for Name: socialaccount_socialapp; Type: TABLE DATA; Schema: public; Owner: postgres
--

COPY public.socialaccount_socialapp (id, provider, name, client_id, secret, key, provider_id, settings) FROM stdin;
\.


--
-- Data for Name: socialaccount_socialapp_sites; Type: TABLE DATA; Schema: public; Owner: postgres
--

COPY public.socialaccount_socialapp_sites (id, socialapp_id, site_id) FROM stdin;
\.


--
-- Data for Name: socialaccount_socialtoken; Type: TABLE DATA; Schema: public; Owner: postgres
--

COPY public.socialaccount_socialtoken (id, token, token_secret, expires_at, account_id, app_id) FROM stdin;
\.


--
-- Name: account_emailaddress_id_seq; Type: SEQUENCE SET; Schema: public; Owner: postgres
--

SELECT pg_catalog.setval('public.account_emailaddress_id_seq', 1, false);


--
-- Name: account_emailconfirmation_id_seq; Type: SEQUENCE SET; Schema: public; Owner: postgres
--

SELECT pg_catalog.setval('public.account_emailconfirmation_id_seq', 1, false);


--
-- Name: auth_group_id_seq; Type: SEQUENCE SET; Schema: public; Owner: postgres
--

SELECT pg_catalog.setval('public.auth_group_id_seq', 1, false);


--
-- Name: auth_group_permissions_id_seq; Type: SEQUENCE SET; Schema: public; Owner: postgres
--

SELECT pg_catalog.setval('public.auth_group_permissions_id_seq', 1, false);


--
-- Name: auth_permission_id_seq; Type: SEQUENCE SET; Schema: public; Owner: postgres
--

SELECT pg_catalog.setval('public.auth_permission_id_seq', 144, true);


--
-- Name: django_admin_log_id_seq; Type: SEQUENCE SET; Schema: public; Owner: postgres
--

SELECT pg_catalog.setval('public.django_admin_log_id_seq', 1, false);


--
-- Name: django_content_type_id_seq; Type: SEQUENCE SET; Schema: public; Owner: postgres
--

SELECT pg_catalog.setval('public.django_content_type_id_seq', 36, true);


--
-- Name: django_migrations_id_seq; Type: SEQUENCE SET; Schema: public; Owner: postgres
--

SELECT pg_catalog.setval('public.django_migrations_id_seq', 45, true);


--
-- Name: django_site_id_seq; Type: SEQUENCE SET; Schema: public; Owner: postgres
--

SELECT pg_catalog.setval('public.django_site_id_seq', 1, true);


--
-- Name: quiz_example_sentence_id_seq; Type: SEQUENCE SET; Schema: public; Owner: postgres
--

SELECT pg_catalog.setval('public.quiz_example_sentence_id_seq', 1, false);


--
-- Name: quiz_quiz_item_id_seq; Type: SEQUENCE SET; Schema: public; Owner: postgres
--

SELECT pg_catalog.setval('public.quiz_quiz_item_id_seq', 1, false);


--
-- Name: quiz_quiz_response_id_seq; Type: SEQUENCE SET; Schema: public; Owner: postgres
--

SELECT pg_catalog.setval('public.quiz_quiz_response_id_seq', 1, false);


--
-- Name: quiz_quiz_set_id_seq; Type: SEQUENCE SET; Schema: public; Owner: postgres
--

SELECT pg_catalog.setval('public.quiz_quiz_set_id_seq', 1, false);


--
-- Name: quiz_textbook_scope_id_seq; Type: SEQUENCE SET; Schema: public; Owner: postgres
--

SELECT pg_catalog.setval('public.quiz_textbook_scope_id_seq', 1, false);


--
-- Name: quiz_user_groups_id_seq; Type: SEQUENCE SET; Schema: public; Owner: postgres
--

SELECT pg_catalog.setval('public.quiz_user_groups_id_seq', 1, false);


--
-- Name: quiz_user_user_permissions_id_seq; Type: SEQUENCE SET; Schema: public; Owner: postgres
--

SELECT pg_catalog.setval('public.quiz_user_user_permissions_id_seq', 1, false);


--
-- Name: quiz_whitelist_user_id_seq; Type: SEQUENCE SET; Schema: public; Owner: postgres
--

SELECT pg_catalog.setval('public.quiz_whitelist_user_id_seq', 1, false);


--
-- Name: quiz_word_distractor_id_seq; Type: SEQUENCE SET; Schema: public; Owner: postgres
--

SELECT pg_catalog.setval('public.quiz_word_distractor_id_seq', 1, false);


--
-- Name: quiz_word_form_id_seq; Type: SEQUENCE SET; Schema: public; Owner: postgres
--

SELECT pg_catalog.setval('public.quiz_word_form_id_seq', 1, false);


--
-- Name: quiz_word_id_seq; Type: SEQUENCE SET; Schema: public; Owner: postgres
--

SELECT pg_catalog.setval('public.quiz_word_id_seq', 1, false);


--
-- Name: quiz_word_translation_id_seq; Type: SEQUENCE SET; Schema: public; Owner: postgres
--

SELECT pg_catalog.setval('public.quiz_word_translation_id_seq', 1, false);


--
-- Name: socialaccount_socialaccount_id_seq; Type: SEQUENCE SET; Schema: public; Owner: postgres
--

SELECT pg_catalog.setval('public.socialaccount_socialaccount_id_seq', 1, false);


--
-- Name: socialaccount_socialapp_id_seq; Type: SEQUENCE SET; Schema: public; Owner: postgres
--

SELECT pg_catalog.setval('public.socialaccount_socialapp_id_seq', 1, false);


--
-- Name: socialaccount_socialapp_sites_id_seq; Type: SEQUENCE SET; Schema: public; Owner: postgres
--

SELECT pg_catalog.setval('public.socialaccount_socialapp_sites_id_seq', 1, false);


--
-- Name: socialaccount_socialtoken_id_seq; Type: SEQUENCE SET; Schema: public; Owner: postgres
--

SELECT pg_catalog.setval('public.socialaccount_socialtoken_id_seq', 1, false);


--
-- Name: account_emailaddress account_emailaddress_pkey; Type: CONSTRAINT; Schema: public; Owner: postgres
--

ALTER TABLE ONLY public.account_emailaddress
    ADD CONSTRAINT account_emailaddress_pkey PRIMARY KEY (id);


--
-- Name: account_emailaddress account_emailaddress_user_id_email_987c8728_uniq; Type: CONSTRAINT; Schema: public; Owner: postgres
--

ALTER TABLE ONLY public.account_emailaddress
    ADD CONSTRAINT account_emailaddress_user_id_email_987c8728_uniq UNIQUE (user_id, email);


--
-- Name: account_emailconfirmation account_emailconfirmation_key_key; Type: CONSTRAINT; Schema: public; Owner: postgres
--

ALTER TABLE ONLY public.account_emailconfirmation
    ADD CONSTRAINT account_emailconfirmation_key_key UNIQUE (key);


--
-- Name: account_emailconfirmation account_emailconfirmation_pkey; Type: CONSTRAINT; Schema: public; Owner: postgres
--

ALTER TABLE ONLY public.account_emailconfirmation
    ADD CONSTRAINT account_emailconfirmation_pkey PRIMARY KEY (id);


--
-- Name: auth_group auth_group_name_key; Type: CONSTRAINT; Schema: public; Owner: postgres
--

ALTER TABLE ONLY public.auth_group
    ADD CONSTRAINT auth_group_name_key UNIQUE (name);


--
-- Name: auth_group_permissions auth_group_permissions_group_id_permission_id_0cd325b0_uniq; Type: CONSTRAINT; Schema: public; Owner: postgres
--

ALTER TABLE ONLY public.auth_group_permissions
    ADD CONSTRAINT auth_group_permissions_group_id_permission_id_0cd325b0_uniq UNIQUE (group_id, permission_id);


--
-- Name: auth_group_permissions auth_group_permissions_pkey; Type: CONSTRAINT; Schema: public; Owner: postgres
--

ALTER TABLE ONLY public.auth_group_permissions
    ADD CONSTRAINT auth_group_permissions_pkey PRIMARY KEY (id);


--
-- Name: auth_group auth_group_pkey; Type: CONSTRAINT; Schema: public; Owner: postgres
--

ALTER TABLE ONLY public.auth_group
    ADD CONSTRAINT auth_group_pkey PRIMARY KEY (id);


--
-- Name: auth_permission auth_permission_content_type_id_codename_01ab375a_uniq; Type: CONSTRAINT; Schema: public; Owner: postgres
--

ALTER TABLE ONLY public.auth_permission
    ADD CONSTRAINT auth_permission_content_type_id_codename_01ab375a_uniq UNIQUE (content_type_id, codename);


--
-- Name: auth_permission auth_permission_pkey; Type: CONSTRAINT; Schema: public; Owner: postgres
--

ALTER TABLE ONLY public.auth_permission
    ADD CONSTRAINT auth_permission_pkey PRIMARY KEY (id);


--
-- Name: authtoken_token authtoken_token_pkey; Type: CONSTRAINT; Schema: public; Owner: postgres
--

ALTER TABLE ONLY public.authtoken_token
    ADD CONSTRAINT authtoken_token_pkey PRIMARY KEY (key);


--
-- Name: authtoken_token authtoken_token_user_id_key; Type: CONSTRAINT; Schema: public; Owner: postgres
--

ALTER TABLE ONLY public.authtoken_token
    ADD CONSTRAINT authtoken_token_user_id_key UNIQUE (user_id);


--
-- Name: django_admin_log django_admin_log_pkey; Type: CONSTRAINT; Schema: public; Owner: postgres
--

ALTER TABLE ONLY public.django_admin_log
    ADD CONSTRAINT django_admin_log_pkey PRIMARY KEY (id);


--
-- Name: django_content_type django_content_type_app_label_model_76bd3d3b_uniq; Type: CONSTRAINT; Schema: public; Owner: postgres
--

ALTER TABLE ONLY public.django_content_type
    ADD CONSTRAINT django_content_type_app_label_model_76bd3d3b_uniq UNIQUE (app_label, model);


--
-- Name: django_content_type django_content_type_pkey; Type: CONSTRAINT; Schema: public; Owner: postgres
--

ALTER TABLE ONLY public.django_content_type
    ADD CONSTRAINT django_content_type_pkey PRIMARY KEY (id);


--
-- Name: django_migrations django_migrations_pkey; Type: CONSTRAINT; Schema: public; Owner: postgres
--

ALTER TABLE ONLY public.django_migrations
    ADD CONSTRAINT django_migrations_pkey PRIMARY KEY (id);


--
-- Name: django_session django_session_pkey; Type: CONSTRAINT; Schema: public; Owner: postgres
--

ALTER TABLE ONLY public.django_session
    ADD CONSTRAINT django_session_pkey PRIMARY KEY (session_key);


--
-- Name: django_site django_site_domain_a2e37b91_uniq; Type: CONSTRAINT; Schema: public; Owner: postgres
--

ALTER TABLE ONLY public.django_site
    ADD CONSTRAINT django_site_domain_a2e37b91_uniq UNIQUE (domain);


--
-- Name: django_site django_site_pkey; Type: CONSTRAINT; Schema: public; Owner: postgres
--

ALTER TABLE ONLY public.django_site
    ADD CONSTRAINT django_site_pkey PRIMARY KEY (id);


--
-- Name: quiz_example_sentence quiz_example_sentence_pkey; Type: CONSTRAINT; Schema: public; Owner: postgres
--

ALTER TABLE ONLY public.quiz_example_sentence
    ADD CONSTRAINT quiz_example_sentence_pkey PRIMARY KEY (id);


--
-- Name: quiz_quiz_item quiz_quiz_item_pkey; Type: CONSTRAINT; Schema: public; Owner: postgres
--

ALTER TABLE ONLY public.quiz_quiz_item
    ADD CONSTRAINT quiz_quiz_item_pkey PRIMARY KEY (id);


--
-- Name: quiz_quiz_response quiz_quiz_response_pkey; Type: CONSTRAINT; Schema: public; Owner: postgres
--

ALTER TABLE ONLY public.quiz_quiz_response
    ADD CONSTRAINT quiz_quiz_response_pkey PRIMARY KEY (id);


--
-- Name: quiz_quiz_response quiz_quiz_response_quiz_item_id_key; Type: CONSTRAINT; Schema: public; Owner: postgres
--

ALTER TABLE ONLY public.quiz_quiz_response
    ADD CONSTRAINT quiz_quiz_response_quiz_item_id_key UNIQUE (quiz_item_id);


--
-- Name: quiz_quiz_set quiz_quiz_set_pkey; Type: CONSTRAINT; Schema: public; Owner: postgres
--

ALTER TABLE ONLY public.quiz_quiz_set
    ADD CONSTRAINT quiz_quiz_set_pkey PRIMARY KEY (id);


--
-- Name: quiz_quiz_set quiz_quiz_set_uuid_key; Type: CONSTRAINT; Schema: public; Owner: postgres
--

ALTER TABLE ONLY public.quiz_quiz_set
    ADD CONSTRAINT quiz_quiz_set_uuid_key UNIQUE (uuid);


--
-- Name: quiz_textbook_scope quiz_textbook_scope_name_key; Type: CONSTRAINT; Schema: public; Owner: postgres
--

ALTER TABLE ONLY public.quiz_textbook_scope
    ADD CONSTRAINT quiz_textbook_scope_name_key UNIQUE (name);


--
-- Name: quiz_textbook_scope quiz_textbook_scope_pkey; Type: CONSTRAINT; Schema: public; Owner: postgres
--

ALTER TABLE ONLY public.quiz_textbook_scope
    ADD CONSTRAINT quiz_textbook_scope_pkey PRIMARY KEY (id);


--
-- Name: quiz_user_groups quiz_user_groups_pkey; Type: CONSTRAINT; Schema: public; Owner: postgres
--

ALTER TABLE ONLY public.quiz_user_groups
    ADD CONSTRAINT quiz_user_groups_pkey PRIMARY KEY (id);


--
-- Name: quiz_user_groups quiz_user_groups_user_id_group_id_65337d94_uniq; Type: CONSTRAINT; Schema: public; Owner: postgres
--

ALTER TABLE ONLY public.quiz_user_groups
    ADD CONSTRAINT quiz_user_groups_user_id_group_id_65337d94_uniq UNIQUE (user_id, group_id);


--
-- Name: quiz_user quiz_user_pkey; Type: CONSTRAINT; Schema: public; Owner: postgres
--

ALTER TABLE ONLY public.quiz_user
    ADD CONSTRAINT quiz_user_pkey PRIMARY KEY (id);


--
-- Name: quiz_user_user_permissions quiz_user_user_permissions_pkey; Type: CONSTRAINT; Schema: public; Owner: postgres
--

ALTER TABLE ONLY public.quiz_user_user_permissions
    ADD CONSTRAINT quiz_user_user_permissions_pkey PRIMARY KEY (id);


--
-- Name: quiz_user_user_permissions quiz_user_user_permissions_user_id_permission_id_25000e8c_uniq; Type: CONSTRAINT; Schema: public; Owner: postgres
--

ALTER TABLE ONLY public.quiz_user_user_permissions
    ADD CONSTRAINT quiz_user_user_permissions_user_id_permission_id_25000e8c_uniq UNIQUE (user_id, permission_id);


--
-- Name: quiz_user quiz_user_username_key; Type: CONSTRAINT; Schema: public; Owner: postgres
--

ALTER TABLE ONLY public.quiz_user
    ADD CONSTRAINT quiz_user_username_key UNIQUE (username);


--
-- Name: quiz_whitelist_user quiz_whitelist_user_email_key; Type: CONSTRAINT; Schema: public; Owner: postgres
--

ALTER TABLE ONLY public.quiz_whitelist_user
    ADD CONSTRAINT quiz_whitelist_user_email_key UNIQUE (email);


--
-- Name: quiz_whitelist_user quiz_whitelist_user_pkey; Type: CONSTRAINT; Schema: public; Owner: postgres
--

ALTER TABLE ONLY public.quiz_whitelist_user
    ADD CONSTRAINT quiz_whitelist_user_pkey PRIMARY KEY (id);


--
-- Name: quiz_word_distractor quiz_word_distractor_pkey; Type: CONSTRAINT; Schema: public; Owner: postgres
--

ALTER TABLE ONLY public.quiz_word_distractor
    ADD CONSTRAINT quiz_word_distractor_pkey PRIMARY KEY (id);


--
-- Name: quiz_word_form quiz_word_form_pkey; Type: CONSTRAINT; Schema: public; Owner: postgres
--

ALTER TABLE ONLY public.quiz_word_form
    ADD CONSTRAINT quiz_word_form_pkey PRIMARY KEY (id);


--
-- Name: quiz_word quiz_word_pkey; Type: CONSTRAINT; Schema: public; Owner: postgres
--

ALTER TABLE ONLY public.quiz_word
    ADD CONSTRAINT quiz_word_pkey PRIMARY KEY (id);


--
-- Name: quiz_word_translation quiz_word_translation_pkey; Type: CONSTRAINT; Schema: public; Owner: postgres
--

ALTER TABLE ONLY public.quiz_word_translation
    ADD CONSTRAINT quiz_word_translation_pkey PRIMARY KEY (id);


--
-- Name: socialaccount_socialaccount socialaccount_socialaccount_pkey; Type: CONSTRAINT; Schema: public; Owner: postgres
--

ALTER TABLE ONLY public.socialaccount_socialaccount
    ADD CONSTRAINT socialaccount_socialaccount_pkey PRIMARY KEY (id);


--
-- Name: socialaccount_socialaccount socialaccount_socialaccount_provider_uid_fc810c6e_uniq; Type: CONSTRAINT; Schema: public; Owner: postgres
--

ALTER TABLE ONLY public.socialaccount_socialaccount
    ADD CONSTRAINT socialaccount_socialaccount_provider_uid_fc810c6e_uniq UNIQUE (provider, uid);


--
-- Name: socialaccount_socialapp_sites socialaccount_socialapp__socialapp_id_site_id_71a9a768_uniq; Type: CONSTRAINT; Schema: public; Owner: postgres
--

ALTER TABLE ONLY public.socialaccount_socialapp_sites
    ADD CONSTRAINT socialaccount_socialapp__socialapp_id_site_id_71a9a768_uniq UNIQUE (socialapp_id, site_id);


--
-- Name: socialaccount_socialapp socialaccount_socialapp_pkey; Type: CONSTRAINT; Schema: public; Owner: postgres
--

ALTER TABLE ONLY public.socialaccount_socialapp
    ADD CONSTRAINT socialaccount_socialapp_pkey PRIMARY KEY (id);


--
-- Name: socialaccount_socialapp_sites socialaccount_socialapp_sites_pkey; Type: CONSTRAINT; Schema: public; Owner: postgres
--

ALTER TABLE ONLY public.socialaccount_socialapp_sites
    ADD CONSTRAINT socialaccount_socialapp_sites_pkey PRIMARY KEY (id);


--
-- Name: socialaccount_socialtoken socialaccount_socialtoken_app_id_account_id_fca4e0ac_uniq; Type: CONSTRAINT; Schema: public; Owner: postgres
--

ALTER TABLE ONLY public.socialaccount_socialtoken
    ADD CONSTRAINT socialaccount_socialtoken_app_id_account_id_fca4e0ac_uniq UNIQUE (app_id, account_id);


--
-- Name: socialaccount_socialtoken socialaccount_socialtoken_pkey; Type: CONSTRAINT; Schema: public; Owner: postgres
--

ALTER TABLE ONLY public.socialaccount_socialtoken
    ADD CONSTRAINT socialaccount_socialtoken_pkey PRIMARY KEY (id);


--
-- Name: quiz_quiz_item unique_quiz_item_question; Type: CONSTRAINT; Schema: public; Owner: postgres
--

ALTER TABLE ONLY public.quiz_quiz_item
    ADD CONSTRAINT unique_quiz_item_question UNIQUE (quiz_set_id, question_number);


--
-- Name: quiz_word_distractor unique_word_distractor; Type: CONSTRAINT; Schema: public; Owner: postgres
--

ALTER TABLE ONLY public.quiz_word_distractor
    ADD CONSTRAINT unique_word_distractor UNIQUE (word_id, text);


--
-- Name: quiz_word_form unique_word_form; Type: CONSTRAINT; Schema: public; Owner: postgres
--

ALTER TABLE ONLY public.quiz_word_form
    ADD CONSTRAINT unique_word_form UNIQUE (word_id, form);


--
-- Name: quiz_word unique_word_lemma_pos; Type: CONSTRAINT; Schema: public; Owner: postgres
--

ALTER TABLE ONLY public.quiz_word
    ADD CONSTRAINT unique_word_lemma_pos UNIQUE (lemma, pos);


--
-- Name: quiz_word_translation unique_word_translation; Type: CONSTRAINT; Schema: public; Owner: postgres
--

ALTER TABLE ONLY public.quiz_word_translation
    ADD CONSTRAINT unique_word_translation UNIQUE (word_id, translation);


--
-- Name: account_emailaddress_email_03be32b2; Type: INDEX; Schema: public; Owner: postgres
--

CREATE INDEX account_emailaddress_email_03be32b2 ON public.account_emailaddress USING btree (email);


--
-- Name: account_emailaddress_email_03be32b2_like; Type: INDEX; Schema: public; Owner: postgres
--

CREATE INDEX account_emailaddress_email_03be32b2_like ON public.account_emailaddress USING btree (email varchar_pattern_ops);


--
-- Name: account_emailaddress_user_id_2c513194; Type: INDEX; Schema: public; Owner: postgres
--

CREATE INDEX account_emailaddress_user_id_2c513194 ON public.account_emailaddress USING btree (user_id);


--
-- Name: account_emailconfirmation_email_address_id_5b7f8c58; Type: INDEX; Schema: public; Owner: postgres
--

CREATE INDEX account_emailconfirmation_email_address_id_5b7f8c58 ON public.account_emailconfirmation USING btree (email_address_id);


--
-- Name: account_emailconfirmation_key_f43612bd_like; Type: INDEX; Schema: public; Owner: postgres
--

CREATE INDEX account_emailconfirmation_key_f43612bd_like ON public.account_emailconfirmation USING btree (key varchar_pattern_ops);


--
-- Name: auth_group_name_a6ea08ec_like; Type: INDEX; Schema: public; Owner: postgres
--

CREATE INDEX auth_group_name_a6ea08ec_like ON public.auth_group USING btree (name varchar_pattern_ops);


--
-- Name: auth_group_permissions_group_id_b120cbf9; Type: INDEX; Schema: public; Owner: postgres
--

CREATE INDEX auth_group_permissions_group_id_b120cbf9 ON public.auth_group_permissions USING btree (group_id);


--
-- Name: auth_group_permissions_permission_id_84c5c92e; Type: INDEX; Schema: public; Owner: postgres
--

CREATE INDEX auth_group_permissions_permission_id_84c5c92e ON public.auth_group_permissions USING btree (permission_id);


--
-- Name: auth_permission_content_type_id_2f476e4b; Type: INDEX; Schema: public; Owner: postgres
--

CREATE INDEX auth_permission_content_type_id_2f476e4b ON public.auth_permission USING btree (content_type_id);


--
-- Name: authtoken_token_key_10f0b77e_like; Type: INDEX; Schema: public; Owner: postgres
--

CREATE INDEX authtoken_token_key_10f0b77e_like ON public.authtoken_token USING btree (key varchar_pattern_ops);


--
-- Name: django_admin_log_content_type_id_c4bce8eb; Type: INDEX; Schema: public; Owner: postgres
--

CREATE INDEX django_admin_log_content_type_id_c4bce8eb ON public.django_admin_log USING btree (content_type_id);


--
-- Name: django_admin_log_user_id_c564eba6; Type: INDEX; Schema: public; Owner: postgres
--

CREATE INDEX django_admin_log_user_id_c564eba6 ON public.django_admin_log USING btree (user_id);


--
-- Name: django_session_expire_date_a5c62663; Type: INDEX; Schema: public; Owner: postgres
--

CREATE INDEX django_session_expire_date_a5c62663 ON public.django_session USING btree (expire_date);


--
-- Name: django_session_session_key_c0390e0f_like; Type: INDEX; Schema: public; Owner: postgres
--

CREATE INDEX django_session_session_key_c0390e0f_like ON public.django_session USING btree (session_key varchar_pattern_ops);


--
-- Name: django_site_domain_a2e37b91_like; Type: INDEX; Schema: public; Owner: postgres
--

CREATE INDEX django_site_domain_a2e37b91_like ON public.django_site USING btree (domain varchar_pattern_ops);


--
-- Name: quiz_example_sentence_word_id_e30e2b82; Type: INDEX; Schema: public; Owner: postgres
--

CREATE INDEX quiz_example_sentence_word_id_e30e2b82 ON public.quiz_example_sentence USING btree (word_id);


--
-- Name: quiz_quiz_item_quiz_set_id_86cec2ee; Type: INDEX; Schema: public; Owner: postgres
--

CREATE INDEX quiz_quiz_item_quiz_set_id_86cec2ee ON public.quiz_quiz_item USING btree (quiz_set_id);


--
-- Name: quiz_quiz_item_set_num_idx; Type: INDEX; Schema: public; Owner: postgres
--

CREATE INDEX quiz_quiz_item_set_num_idx ON public.quiz_quiz_item USING btree (quiz_set_id, question_number);


--
-- Name: quiz_quiz_item_word_id_4a6ef4b2; Type: INDEX; Schema: public; Owner: postgres
--

CREATE INDEX quiz_quiz_item_word_id_4a6ef4b2 ON public.quiz_quiz_item USING btree (word_id);


--
-- Name: quiz_quiz_response_user_id_a3c4a3b6; Type: INDEX; Schema: public; Owner: postgres
--

CREATE INDEX quiz_quiz_response_user_id_a3c4a3b6 ON public.quiz_quiz_response USING btree (user_id);


--
-- Name: quiz_quiz_set_textbook_scope_id_689847f6; Type: INDEX; Schema: public; Owner: postgres
--

CREATE INDEX quiz_quiz_set_textbook_scope_id_689847f6 ON public.quiz_quiz_set USING btree (textbook_scope_id);


--
-- Name: quiz_quiz_set_user_id_3704ba22; Type: INDEX; Schema: public; Owner: postgres
--

CREATE INDEX quiz_quiz_set_user_id_3704ba22 ON public.quiz_quiz_set USING btree (user_id);


--
-- Name: quiz_textbook_scope_name_292a583d_like; Type: INDEX; Schema: public; Owner: postgres
--

CREATE INDEX quiz_textbook_scope_name_292a583d_like ON public.quiz_textbook_scope USING btree (name varchar_pattern_ops);


--
-- Name: quiz_user_groups_group_id_a91cc2d4; Type: INDEX; Schema: public; Owner: postgres
--

CREATE INDEX quiz_user_groups_group_id_a91cc2d4 ON public.quiz_user_groups USING btree (group_id);


--
-- Name: quiz_user_groups_user_id_8e7316a7; Type: INDEX; Schema: public; Owner: postgres
--

CREATE INDEX quiz_user_groups_user_id_8e7316a7 ON public.quiz_user_groups USING btree (user_id);


--
-- Name: quiz_user_user_permissions_permission_id_8f8f7ec6; Type: INDEX; Schema: public; Owner: postgres
--

CREATE INDEX quiz_user_user_permissions_permission_id_8f8f7ec6 ON public.quiz_user_user_permissions USING btree (permission_id);


--
-- Name: quiz_user_user_permissions_user_id_7235c5dd; Type: INDEX; Schema: public; Owner: postgres
--

CREATE INDEX quiz_user_user_permissions_user_id_7235c5dd ON public.quiz_user_user_permissions USING btree (user_id);


--
-- Name: quiz_user_username_ab4fb9e6_like; Type: INDEX; Schema: public; Owner: postgres
--

CREATE INDEX quiz_user_username_ab4fb9e6_like ON public.quiz_user USING btree (username varchar_pattern_ops);


--
-- Name: quiz_whitelist_user_email_c9f860f2_like; Type: INDEX; Schema: public; Owner: postgres
--

CREATE INDEX quiz_whitelist_user_email_c9f860f2_like ON public.quiz_whitelist_user USING btree (email varchar_pattern_ops);


--
-- Name: quiz_word_distractor_word_id_e2af3588; Type: INDEX; Schema: public; Owner: postgres
--

CREATE INDEX quiz_word_distractor_word_id_e2af3588 ON public.quiz_word_distractor USING btree (word_id);


--
-- Name: quiz_word_form_word_id_2f39cb64; Type: INDEX; Schema: public; Owner: postgres
--

CREATE INDEX quiz_word_form_word_id_2f39cb64 ON public.quiz_word_form USING btree (word_id);


--
-- Name: quiz_word_grade_77156121; Type: INDEX; Schema: public; Owner: postgres
--

CREATE INDEX quiz_word_grade_77156121 ON public.quiz_word USING btree (grade);


--
-- Name: quiz_word_grade_idx; Type: INDEX; Schema: public; Owner: postgres
--

CREATE INDEX quiz_word_grade_idx ON public.quiz_word USING btree (grade);


--
-- Name: quiz_word_lemma_4440bcff; Type: INDEX; Schema: public; Owner: postgres
--

CREATE INDEX quiz_word_lemma_4440bcff ON public.quiz_word USING btree (lemma);


--
-- Name: quiz_word_lemma_4440bcff_like; Type: INDEX; Schema: public; Owner: postgres
--

CREATE INDEX quiz_word_lemma_4440bcff_like ON public.quiz_word USING btree (lemma varchar_pattern_ops);


--
-- Name: quiz_word_lemma_pos_idx; Type: INDEX; Schema: public; Owner: postgres
--

CREATE INDEX quiz_word_lemma_pos_idx ON public.quiz_word USING btree (lemma, pos);


--
-- Name: quiz_word_pos_40ec3fb8; Type: INDEX; Schema: public; Owner: postgres
--

CREATE INDEX quiz_word_pos_40ec3fb8 ON public.quiz_word USING btree (pos);


--
-- Name: quiz_word_pos_40ec3fb8_like; Type: INDEX; Schema: public; Owner: postgres
--

CREATE INDEX quiz_word_pos_40ec3fb8_like ON public.quiz_word USING btree (pos varchar_pattern_ops);


--
-- Name: quiz_word_pos_idx; Type: INDEX; Schema: public; Owner: postgres
--

CREATE INDEX quiz_word_pos_idx ON public.quiz_word USING btree (pos);


--
-- Name: quiz_word_translation_word_id_eda99b26; Type: INDEX; Schema: public; Owner: postgres
--

CREATE INDEX quiz_word_translation_word_id_eda99b26 ON public.quiz_word_translation USING btree (word_id);


--
-- Name: socialaccount_socialaccount_user_id_8146e70c; Type: INDEX; Schema: public; Owner: postgres
--

CREATE INDEX socialaccount_socialaccount_user_id_8146e70c ON public.socialaccount_socialaccount USING btree (user_id);


--
-- Name: socialaccount_socialapp_sites_site_id_2579dee5; Type: INDEX; Schema: public; Owner: postgres
--

CREATE INDEX socialaccount_socialapp_sites_site_id_2579dee5 ON public.socialaccount_socialapp_sites USING btree (site_id);


--
-- Name: socialaccount_socialapp_sites_socialapp_id_97fb6e7d; Type: INDEX; Schema: public; Owner: postgres
--

CREATE INDEX socialaccount_socialapp_sites_socialapp_id_97fb6e7d ON public.socialaccount_socialapp_sites USING btree (socialapp_id);


--
-- Name: socialaccount_socialtoken_account_id_951f210e; Type: INDEX; Schema: public; Owner: postgres
--

CREATE INDEX socialaccount_socialtoken_account_id_951f210e ON public.socialaccount_socialtoken USING btree (account_id);


--
-- Name: socialaccount_socialtoken_app_id_636a42d7; Type: INDEX; Schema: public; Owner: postgres
--

CREATE INDEX socialaccount_socialtoken_app_id_636a42d7 ON public.socialaccount_socialtoken USING btree (app_id);


--
-- Name: unique_primary_email; Type: INDEX; Schema: public; Owner: postgres
--

CREATE UNIQUE INDEX unique_primary_email ON public.account_emailaddress USING btree (user_id, "primary") WHERE "primary";


--
-- Name: unique_verified_email; Type: INDEX; Schema: public; Owner: postgres
--

CREATE UNIQUE INDEX unique_verified_email ON public.account_emailaddress USING btree (email) WHERE verified;


--
-- Name: account_emailaddress account_emailaddress_user_id_2c513194_fk_quiz_user_id; Type: FK CONSTRAINT; Schema: public; Owner: postgres
--

ALTER TABLE ONLY public.account_emailaddress
    ADD CONSTRAINT account_emailaddress_user_id_2c513194_fk_quiz_user_id FOREIGN KEY (user_id) REFERENCES public.quiz_user(id) DEFERRABLE INITIALLY DEFERRED;


--
-- Name: account_emailconfirmation account_emailconfirm_email_address_id_5b7f8c58_fk_account_e; Type: FK CONSTRAINT; Schema: public; Owner: postgres
--

ALTER TABLE ONLY public.account_emailconfirmation
    ADD CONSTRAINT account_emailconfirm_email_address_id_5b7f8c58_fk_account_e FOREIGN KEY (email_address_id) REFERENCES public.account_emailaddress(id) DEFERRABLE INITIALLY DEFERRED;


--
-- Name: auth_group_permissions auth_group_permissio_permission_id_84c5c92e_fk_auth_perm; Type: FK CONSTRAINT; Schema: public; Owner: postgres
--

ALTER TABLE ONLY public.auth_group_permissions
    ADD CONSTRAINT auth_group_permissio_permission_id_84c5c92e_fk_auth_perm FOREIGN KEY (permission_id) REFERENCES public.auth_permission(id) DEFERRABLE INITIALLY DEFERRED;


--
-- Name: auth_group_permissions auth_group_permissions_group_id_b120cbf9_fk_auth_group_id; Type: FK CONSTRAINT; Schema: public; Owner: postgres
--

ALTER TABLE ONLY public.auth_group_permissions
    ADD CONSTRAINT auth_group_permissions_group_id_b120cbf9_fk_auth_group_id FOREIGN KEY (group_id) REFERENCES public.auth_group(id) DEFERRABLE INITIALLY DEFERRED;


--
-- Name: auth_permission auth_permission_content_type_id_2f476e4b_fk_django_co; Type: FK CONSTRAINT; Schema: public; Owner: postgres
--

ALTER TABLE ONLY public.auth_permission
    ADD CONSTRAINT auth_permission_content_type_id_2f476e4b_fk_django_co FOREIGN KEY (content_type_id) REFERENCES public.django_content_type(id) DEFERRABLE INITIALLY DEFERRED;


--
-- Name: authtoken_token authtoken_token_user_id_35299eff_fk_quiz_user_id; Type: FK CONSTRAINT; Schema: public; Owner: postgres
--

ALTER TABLE ONLY public.authtoken_token
    ADD CONSTRAINT authtoken_token_user_id_35299eff_fk_quiz_user_id FOREIGN KEY (user_id) REFERENCES public.quiz_user(id) DEFERRABLE INITIALLY DEFERRED;


--
-- Name: django_admin_log django_admin_log_content_type_id_c4bce8eb_fk_django_co; Type: FK CONSTRAINT; Schema: public; Owner: postgres
--

ALTER TABLE ONLY public.django_admin_log
    ADD CONSTRAINT django_admin_log_content_type_id_c4bce8eb_fk_django_co FOREIGN KEY (content_type_id) REFERENCES public.django_content_type(id) DEFERRABLE INITIALLY DEFERRED;


--
-- Name: django_admin_log django_admin_log_user_id_c564eba6_fk_quiz_user_id; Type: FK CONSTRAINT; Schema: public; Owner: postgres
--

ALTER TABLE ONLY public.django_admin_log
    ADD CONSTRAINT django_admin_log_user_id_c564eba6_fk_quiz_user_id FOREIGN KEY (user_id) REFERENCES public.quiz_user(id) DEFERRABLE INITIALLY DEFERRED;


--
-- Name: quiz_example_sentence quiz_example_sentence_word_id_e30e2b82_fk_quiz_word_id; Type: FK CONSTRAINT; Schema: public; Owner: postgres
--

ALTER TABLE ONLY public.quiz_example_sentence
    ADD CONSTRAINT quiz_example_sentence_word_id_e30e2b82_fk_quiz_word_id FOREIGN KEY (word_id) REFERENCES public.quiz_word(id) DEFERRABLE INITIALLY DEFERRED;


--
-- Name: quiz_quiz_item quiz_quiz_item_quiz_set_id_86cec2ee_fk_quiz_quiz_set_id; Type: FK CONSTRAINT; Schema: public; Owner: postgres
--

ALTER TABLE ONLY public.quiz_quiz_item
    ADD CONSTRAINT quiz_quiz_item_quiz_set_id_86cec2ee_fk_quiz_quiz_set_id FOREIGN KEY (quiz_set_id) REFERENCES public.quiz_quiz_set(id) DEFERRABLE INITIALLY DEFERRED;


--
-- Name: quiz_quiz_item quiz_quiz_item_word_id_4a6ef4b2_fk_quiz_word_id; Type: FK CONSTRAINT; Schema: public; Owner: postgres
--

ALTER TABLE ONLY public.quiz_quiz_item
    ADD CONSTRAINT quiz_quiz_item_word_id_4a6ef4b2_fk_quiz_word_id FOREIGN KEY (word_id) REFERENCES public.quiz_word(id) DEFERRABLE INITIALLY DEFERRED;


--
-- Name: quiz_quiz_response quiz_quiz_response_quiz_item_id_15fd84c0_fk_quiz_quiz_item_id; Type: FK CONSTRAINT; Schema: public; Owner: postgres
--

ALTER TABLE ONLY public.quiz_quiz_response
    ADD CONSTRAINT quiz_quiz_response_quiz_item_id_15fd84c0_fk_quiz_quiz_item_id FOREIGN KEY (quiz_item_id) REFERENCES public.quiz_quiz_item(id) DEFERRABLE INITIALLY DEFERRED;


--
-- Name: quiz_quiz_response quiz_quiz_response_user_id_a3c4a3b6_fk_quiz_user_id; Type: FK CONSTRAINT; Schema: public; Owner: postgres
--

ALTER TABLE ONLY public.quiz_quiz_response
    ADD CONSTRAINT quiz_quiz_response_user_id_a3c4a3b6_fk_quiz_user_id FOREIGN KEY (user_id) REFERENCES public.quiz_user(id) DEFERRABLE INITIALLY DEFERRED;


--
-- Name: quiz_quiz_set quiz_quiz_set_textbook_scope_id_689847f6_fk_quiz_text; Type: FK CONSTRAINT; Schema: public; Owner: postgres
--

ALTER TABLE ONLY public.quiz_quiz_set
    ADD CONSTRAINT quiz_quiz_set_textbook_scope_id_689847f6_fk_quiz_text FOREIGN KEY (textbook_scope_id) REFERENCES public.quiz_textbook_scope(id) DEFERRABLE INITIALLY DEFERRED;


--
-- Name: quiz_quiz_set quiz_quiz_set_user_id_3704ba22_fk_quiz_user_id; Type: FK CONSTRAINT; Schema: public; Owner: postgres
--

ALTER TABLE ONLY public.quiz_quiz_set
    ADD CONSTRAINT quiz_quiz_set_user_id_3704ba22_fk_quiz_user_id FOREIGN KEY (user_id) REFERENCES public.quiz_user(id) DEFERRABLE INITIALLY DEFERRED;


--
-- Name: quiz_user_groups quiz_user_groups_group_id_a91cc2d4_fk_auth_group_id; Type: FK CONSTRAINT; Schema: public; Owner: postgres
--

ALTER TABLE ONLY public.quiz_user_groups
    ADD CONSTRAINT quiz_user_groups_group_id_a91cc2d4_fk_auth_group_id FOREIGN KEY (group_id) REFERENCES public.auth_group(id) DEFERRABLE INITIALLY DEFERRED;


--
-- Name: quiz_user_groups quiz_user_groups_user_id_8e7316a7_fk_quiz_user_id; Type: FK CONSTRAINT; Schema: public; Owner: postgres
--

ALTER TABLE ONLY public.quiz_user_groups
    ADD CONSTRAINT quiz_user_groups_user_id_8e7316a7_fk_quiz_user_id FOREIGN KEY (user_id) REFERENCES public.quiz_user(id) DEFERRABLE INITIALLY DEFERRED;


--
-- Name: quiz_user_user_permissions quiz_user_user_permi_permission_id_8f8f7ec6_fk_auth_perm; Type: FK CONSTRAINT; Schema: public; Owner: postgres
--

ALTER TABLE ONLY public.quiz_user_user_permissions
    ADD CONSTRAINT quiz_user_user_permi_permission_id_8f8f7ec6_fk_auth_perm FOREIGN KEY (permission_id) REFERENCES public.auth_permission(id) DEFERRABLE INITIALLY DEFERRED;


--
-- Name: quiz_user_user_permissions quiz_user_user_permissions_user_id_7235c5dd_fk_quiz_user_id; Type: FK CONSTRAINT; Schema: public; Owner: postgres
--

ALTER TABLE ONLY public.quiz_user_user_permissions
    ADD CONSTRAINT quiz_user_user_permissions_user_id_7235c5dd_fk_quiz_user_id FOREIGN KEY (user_id) REFERENCES public.quiz_user(id) DEFERRABLE INITIALLY DEFERRED;


--
-- Name: quiz_word_distractor quiz_word_distractor_word_id_e2af3588_fk_quiz_word_id; Type: FK CONSTRAINT; Schema: public; Owner: postgres
--

ALTER TABLE ONLY public.quiz_word_distractor
    ADD CONSTRAINT quiz_word_distractor_word_id_e2af3588_fk_quiz_word_id FOREIGN KEY (word_id) REFERENCES public.quiz_word(id) DEFERRABLE INITIALLY DEFERRED;


--
-- Name: quiz_word_form quiz_word_form_word_id_2f39cb64_fk_quiz_word_id; Type: FK CONSTRAINT; Schema: public; Owner: postgres
--

ALTER TABLE ONLY public.quiz_word_form
    ADD CONSTRAINT quiz_word_form_word_id_2f39cb64_fk_quiz_word_id FOREIGN KEY (word_id) REFERENCES public.quiz_word(id) DEFERRABLE INITIALLY DEFERRED;


--
-- Name: quiz_word_translation quiz_word_translation_word_id_eda99b26_fk_quiz_word_id; Type: FK CONSTRAINT; Schema: public; Owner: postgres
--

ALTER TABLE ONLY public.quiz_word_translation
    ADD CONSTRAINT quiz_word_translation_word_id_eda99b26_fk_quiz_word_id FOREIGN KEY (word_id) REFERENCES public.quiz_word(id) DEFERRABLE INITIALLY DEFERRED;


--
-- Name: socialaccount_socialtoken socialaccount_social_account_id_951f210e_fk_socialacc; Type: FK CONSTRAINT; Schema: public; Owner: postgres
--

ALTER TABLE ONLY public.socialaccount_socialtoken
    ADD CONSTRAINT socialaccount_social_account_id_951f210e_fk_socialacc FOREIGN KEY (account_id) REFERENCES public.socialaccount_socialaccount(id) DEFERRABLE INITIALLY DEFERRED;


--
-- Name: socialaccount_socialtoken socialaccount_social_app_id_636a42d7_fk_socialacc; Type: FK CONSTRAINT; Schema: public; Owner: postgres
--

ALTER TABLE ONLY public.socialaccount_socialtoken
    ADD CONSTRAINT socialaccount_social_app_id_636a42d7_fk_socialacc FOREIGN KEY (app_id) REFERENCES public.socialaccount_socialapp(id) DEFERRABLE INITIALLY DEFERRED;


--
-- Name: socialaccount_socialapp_sites socialaccount_social_site_id_2579dee5_fk_django_si; Type: FK CONSTRAINT; Schema: public; Owner: postgres
--

ALTER TABLE ONLY public.socialaccount_socialapp_sites
    ADD CONSTRAINT socialaccount_social_site_id_2579dee5_fk_django_si FOREIGN KEY (site_id) REFERENCES public.django_site(id) DEFERRABLE INITIALLY DEFERRED;


--
-- Name: socialaccount_socialapp_sites socialaccount_social_socialapp_id_97fb6e7d_fk_socialacc; Type: FK CONSTRAINT; Schema: public; Owner: postgres
--

ALTER TABLE ONLY public.socialaccount_socialapp_sites
    ADD CONSTRAINT socialaccount_social_socialapp_id_97fb6e7d_fk_socialacc FOREIGN KEY (socialapp_id) REFERENCES public.socialaccount_socialapp(id) DEFERRABLE INITIALLY DEFERRED;


--
-- Name: socialaccount_socialaccount socialaccount_socialaccount_user_id_8146e70c_fk_quiz_user_id; Type: FK CONSTRAINT; Schema: public; Owner: postgres
--

ALTER TABLE ONLY public.socialaccount_socialaccount
    ADD CONSTRAINT socialaccount_socialaccount_user_id_8146e70c_fk_quiz_user_id FOREIGN KEY (user_id) REFERENCES public.quiz_user(id) DEFERRABLE INITIALLY DEFERRED;


--
-- PostgreSQL database dump complete
--

\unrestrict C6uwhfEPWBg7AUMJCnMGow3WrZ9af5SM7R6qTbCxVaotPqm8wALdA4y4N1zbNn7

